{"auc": [0.9268965721130371, 0.9277500510215759, 0.9285215139389038, 0.9293342232704163, 0.9298702478408813, 0.930413007736206, 0.9311111569404602, 0.9320216774940491, 0.9325737953186035, 0.9330951571464539, 0.9335624575614929, 0.9340956211090088, 0.9346329569816589], "binary_accuracy": [0.8811494708061218, 0.8816744685173035, 0.8820950388908386, 0.8825684785842896, 0.8830581307411194, 0.883299708366394, 0.8838505744934082, 0.8845256567001343, 0.884755551815033, 0.8850427269935608, 0.8853195309638977, 0.8857194185256958, 0.8860225677490234], "loss": [0.2702190577983856, 0.26871463656425476, 0.2674073576927185, 0.26598817110061646, 0.2650408446788788, 0.26409342885017395, 0.26287680864334106, 0.2612530589103699, 0.2602367699146271, 0.25931763648986816, 0.2584575116634369, 0.2575247287750244, 0.25655245780944824], "val_auc": [0.9388131499290466, 0.9395708441734314, 0.9395118355751038, 0.9402130246162415, 0.9404504299163818, 0.9405694007873535, 0.939824640750885, 0.9405918717384338, 0.9401885867118835, 0.9408100247383118, 0.940159797668457, 0.9405810236930847, 0.9399495124816895], "val_binary_accuracy": [0.8908568620681763, 0.8919596076011658, 0.8920382261276245, 0.8921322226524353, 0.8922555446624756, 0.8927010893821716, 0.8914218544960022, 0.8928588032722473, 0.8923328518867493, 0.8932545185089111, 0.8925992250442505, 0.8931966423988342, 0.8930069208145142], "val_loss": [0.24894453585147858, 0.2470308095216751, 0.24694660305976868, 0.24589751660823822, 0.24607083201408386, 0.24531005322933197, 0.2466699481010437, 0.24528798460960388, 0.2458697110414505, 0.24495656788349152, 0.24602223932743073, 0.2451947033405304, 0.24669550359249115]}